time,tweets,likes,retweet_count,anger,positivity,joy,disgust,surprise,trust,anticipation,sadness,negative,fear
2021-07-09 10:47:25,Δεν φτάνει που ο ΣΥΡΙΖΑ πάει κόντρα σε ένα νομοσχέδιο που αυξάνει τις επικουρικές συντάξεις των νέων βλέπει και άτακτη υποχώρηση της κυβέρνησης Αντιπολίτευση για γέλια και για κλάματα ,191,31,1,1,0,0,0,1,0,1,2,0
2021-07-08 15:00:51,Το είπαμε το κάναμε Εφαρμόζουμε αμέσως τον νόμο για την Προστασία της Εργασίας ξεκινώντας από τις νέες αυξημένες γονικές άδειες άδεια πατρότητας γονική άδεια κ για τους 2 γονείς κτλ Οι μύθοι της αντιπολίτευσης που έβλεπε γαλέρες κ μεσαίωνες θα καταρρεύσουν στην πράξη ,273,46,0,3,0,0,1,1,1,0,2,0
2021-06-29 13:25:30,Σήμερα στο ΝΑΤ σε ένα από τα πιο προβληματικά ταμεία στην Ευρώπη Οι συντάξεις απονέμονται σε 45 χρόνια Ζήτησα από τη νέα διοίκηση πρακτικές προτάσεις την άλλη εβδομάδα Κ θα προχωρήσουμε μαζί με Υπ Ναυτιλίας στη γρήγορη αντιμετώπιση του προβλήματος Με λύσεις κοινής λογικής ,367,43,0,1,0,0,0,1,0,0,0,0
2021-06-28 14:54:30,Δεν πρόκειται να μείνω θεατής στο μεγάλο πρόβλημα της εξυπηρέτησης των πολιτών από τον ΕΦΚΑ Μονιμοποίηση ηλεκτρονικών ραντεβού Ενίσχυση 50 ηλεκτρονικών υπηρεσιών Προχωρούμε ακόμα σε διάθεση επιπλέον υπηρεσιών μέσω ΚΕΠ MyEfkaLive και ενιαίο τηλεφωνικό κέντρο Υπ Εργασίας ,435,39,0,3,0,0,0,2,0,1,3,1
2021-06-25 09:33:38,Ο ΣΥΡΙΖΑ προτιμά να μη δώσουμε 120 εκατ ευρώ τον χρόνο για να έχουν οι νέοι μας αυξήσεις 4368 στις επικουρικές τους συντάξεις Παριστάνουν ότι δήθεν αγκαλιάζουν τους νέους Αλλά στην πραγματικότητα το μόνο που αγκαλιάζουν είναι τα δόγματα και τις αραχνιασμένες τους απόψεις ,268,32,0,0,0,0,0,0,0,0,0,0
2021-06-25 09:32:31,Πρέπει ο ίδιος ο κ Τσίπρας να εξηγήσει γιατί κλείνει τα μάτια του μπροστά στο σύγχρονο και ευρωπαϊκό μοντέλο μας για τις επικουρικές συντάξεις των νέων Να εξηγήσει γιατί θέλει να τους καταδικάσει σε χαμηλές συντάξεις ενώ θα μπορούν να πάρουν επικουρικές αυξημένες 4368 ,60,8,0,1,0,0,0,0,0,0,1,0
2021-06-24 14:02:25,Όσοι κατακρίνουν τη μεταρρύθμισή μας για την επικουρική ασφάλιση τι ακριβώς αντιπροτείνουν Να αγνοήσουμε τι γίνεται σε όλη την ΕΕ Να συνεχίσουμε με το ισχύον σύστημα που όλοι ξέρουμε πώς λειτούργησε τα προηγούμενα χρόνια Ή να διαιωνίσουμε το μπάχαλο που όλοι καταγγέλλουμε ,277,26,0,1,0,0,0,1,0,0,0,0
2021-06-24 13:54:31,Οι καταστροφολόγοι του ΣΥΡΙΖΑ τα βλέπουν πάλι όλα μαύρα για την ασφαλιστική μεταρρύθμιση Αγνοούν την εγγύηση για τις σημερινές συντάξεις Την εγγύηση για τους νεοεισερχόμενους Αγνοούν τι γίνεται σε όλη την Ευρώπη ,75,10,0,3,0,0,0,2,0,0,0,0
2021-06-24 13:53:24,H Ασφαλιστική Μεταρρύθμιση για τη Νέα Γενιά είναι μια παρέμβαση με το βλέμμα στους νέους Με τους ατομικούς κουμπαράδες αποκτούν έλεγχο πάνω στη σύνταξή τους Δεν αποφασίζει κανένας για αυτούς χωρίς αυτούς Τα στοιχεία στην ΕΕ δείχνουν  υψηλότερες επικουρικές συντάξεις 4368 ,108,15,1,2,0,1,0,0,0,2,2,1
2021-06-22 14:40:33,Έστειλα 10 περιπτώσεις ακραίας ταλαιπωρίας πολιτών από υπηρεσίες του ΕΦΚΑ για πειθαρχικό έλεγχο O ΕΦΚΑ κάνει κοινωνική πολιτική και δεσποτικές συμπεριφορές υπαλλήλων δεν γίνονται ανεκτέςΓι αυτό αν χρειαστεί θα προχωρήσω κ σε άλλους πειθαρχικούς  ,695,95,1,0,0,0,0,1,0,0,0,0
2021-06-16 19:50:24,Τα αποκαλυπτήρια του ΣΥΡΙΖΑ στην ονομαστική ψηφοφορία για το νομοσχέδιο για την Προστασία της ΕργασίαςΥπερψήφισαν περίπου τα μισά άρθρα αυτού του τρισκατάρατου νομοσχεδίου Περιμένουμε μια στοιχειώδη εξήγηση αν υπάρχει για αυτό το ρεσιτάλ πολιτικής τρικυμίας και υποκρισίας ,499,108,0,2,1,0,1,1,1,0,0,0
2021-06-16 17:43:13,Τώρα που η συζήτηση για το εργασιακό ολοκληρώθηκε ένα ευχαριστώ στους συναδέλφους από την αντιπολίτευση που άσκησαν κριτική σε μένα ή στο νομοσχέδιο χωρίς να καταφύγουν σε ύβρεις και στη γνωστή τοξική προσέγγιση που χαμηλώνει το επίπεδο της πολιτικής και αδικεί την Ελλάδα ,196,24,4,2,0,1,0,2,0,2,4,1
2021-06-16 17:30:30,Ο ΣΥΡΙΖΑ στη Βουλή παρά το θράσος του δεν κατόρθωσε να αμφισβητήσει τη βασική τομή του νομοσχεδίου Την ψηφιακή κάρτα εργασίας Εμείς θα την προχωρήσουμε γρήγορα Διότι είναι εγγύηση για τα δικαιώματα του εργαζομένου Εγγύηση για το 8ωρο για τις υπερωρίες για τη διευθέτηση ,223,27,1,2,0,1,0,2,0,1,3,1
2021-06-16 13:53:28, Η αντιπολίτευση κατήγγειλε το νομοσχέδιο πριν το διαβάσει Διαδήλωσε εναντίον του ενώ ακόμη διαμορφωνόταν Επιμένει ν,0,111,2,0,0,0,0,0,0,0,2,0
2021-06-16 13:53:25, Όποιος λέει ότι καταργείται το 8ωρο καταργεί την ελληνική γλώσσα η προστασία του αναφέρεται ρητά στο άρθρο 55 Αλλά,0,267,0,0,0,0,0,0,0,0,0,0
2021-06-16 13:35:53, Κάποτε πρέπει να συμφωνήσουμε στα βασικά Τα σωματεία υπάρχουν για τα μέλη τους Όχι για τα κόμματα Και οι συνδικαλι,0,117,0,0,0,0,0,0,0,0,1,0
2021-06-16 13:30:11, Η επιστροφή των συνδικαλιστών στα πραγματικά και γνήσια καθήκοντά τους θα αναβαθμίσει και τους ίδιους ως συνεπείς κοιν,0,49,0,0,0,0,0,0,0,0,0,0
2021-06-16 13:30:09, Θεσμοθετείται δημοκρατική διαφάνεια στον συνδικαλισμό Με μέτρα που τον επαναφέρουν στον αληθινό του ρόλο σε αυτόν τη,0,101,0,0,0,0,0,0,0,0,0,0
2021-06-16 13:30:01, Νομοθετούνται κανόνες για την τηλεργασία Αυτή θα γίνεται υποχρεωτική μόνο για λόγους δημόσιας υγείας με τη σχετική υ,0,70,0,1,0,0,0,1,0,0,0,0
2021-06-16 13:29:58, Εναρμονίζεται ο αριθμός των υπερωριών με τα ευρωπαϊκά δεδομένα Η νόμιμη επιπλέον απασχόληση αυξάνεται σε 150 ώρες με,0,68,0,2,0,0,0,0,0,0,0,0
2021-06-16 13:29:56, Το νομοσχέδιο αυτό εισάγει μέτρα με τα οποία οι εργαζόμενοι προστατεύονται από περιστατικά βίας και παρενοχλήσεων ώστ,0,78,0,0,0,0,0,1,0,0,0,0
2021-06-16 13:11:31, Θεσπίζεται για πρώτη φορά άδεια πατρότητας 14 ημερών με αποδοχές Μεγαλύτερη δηλαδή από το 10ήμερο της ευρωπαϊκής οδηγ,0,135,0,2,0,0,0,0,0,0,0,0
2021-06-16 13:11:28, Προβλέπεται φροντίδα για εργαζόμενους σε υπηρεσίες που παρέχονται από ψηφιακές πλατφόρμες Στο εξής τα αυτοαπασχολούμ,0,137,0,2,0,0,0,0,1,0,0,0
2021-06-16 13:11:24, Εξισώνεται η αποζημίωση απόλυσης των εργατοτεχνιτών με τους υπαλλήλους Ένα Διάταγμα του 1920 προέβλεπε ότι για τους π,0,83,0,1,0,0,0,1,0,0,1,1
2021-06-16 13:11:20, Η Επιθεώρηση Εργασίας ανασυγκροτείται Παύει να ανήκει στον εκάστοτε υπουργό Αναβαθμίζεται σε Ανεξάρτητη Αρχή όπως η,0,88,0,0,0,0,0,0,0,0,1,0
2021-06-16 13:11:17, Εισάγουμε την Ψηφιακή Κάρτα Εργασίας την οποία θα χτυπά ο εργαζόμενος χτυπώντας τη μαύρη εργασία τις αδήλωτες υπερ,0,93,0,2,1,0,1,1,1,0,1,0
2021-06-16 13:11:11, Το ΝΣ οικοδομεί ένα σύγχρονο εργασιακό περιβάλλον Ξεκινά κυρώνοντας 2 εμβληματικές Συμβάσεις της Διεθνούς Οργάνωσης,0,68,0,0,0,0,0,0,0,0,0,0
2021-06-16 11:02:59, Live  Δευτερολογία στη Βουλή για το νομοσχέδιο για την προστασία της εργασίας ,0,47,0,0,0,0,0,0,0,0,1,0
2021-06-16 11:02:57, Live  Ομιλία στη Βουλή για το νομοσχέδιο για την προστασία της εργασίας ,0,65,0,0,0,0,0,0,0,0,1,0
2021-06-16 09:04:25, Σε αντίθεση με τα εργατοπατερικά κόμματα της Αριστεράς εμείς πιστεύουμε ότι τα συνδικάτα υπάρχουν για να υπηρετούν τους,0,84,1,0,0,0,0,0,0,0,1,0
2021-06-16 09:04:17, Δείτε στο βίντεο τα μέτρα του νσχ για την Προστασία της Εργασίας για την ισορροπία επαγγελματικής και οικογενειακής ζωής,0,41,0,1,0,0,0,0,0,0,1,0
2021-06-16 09:04:13, Η ψηφιακή κάρτα εργασίας είναι μία επανάσταση στην αγορά εργασίας Είναι εγγύηση για την τήρηση του ωραρίου του εργαζομέν,0,23,1,2,0,1,1,1,1,1,3,1
2021-06-16 06:21:58,Όλοι κρινόμαστε από το έργο μας Κι εγώ ο ανάλγητος νεοφιλελεύθερος είμαι περήφανος που γλιτώσαμε 1 εκ ευρώ την ημέρα από την Ολυμπιακή και 2 εκ από τον ΟΣΕ Για τον εκσυγχρονισμό των περιφερειακών αεροδρομίων Και για τη μετοχή της ΔΕΗ που από 12 ευρώ σήμερα έχει 9 υλή ,546,93,1,1,0,1,0,0,0,0,1,0
2021-06-15 12:28:56,ΣΥΡΙΖΑ και ΚΚΕ απέφυγαν να πάρουν θέση για την αυριανή απεργία Είναι με τους συνδικαλιστές του ΜΕΤΡΟ που αποφάσισαν να κλείσουν την Αθήνα ή με τους μαθητές και τους γονείς τους Τελικά η πίεση μας είχε αποτέλεσμα και αναδιπλώθηκαν Βουλή ,144,22,1,1,1,1,1,1,2,0,2,0
2021-06-15 12:06:09,Οι προσωπικές επιθέσεις που δέχομαι με αφορμή το εργασιακό νομοσχέδιο το έκανε και ο κ Τσίπρας χθες στο STAR αποτελούν δολοφονία χαρακτήρα Έχω όμως κριθεί κατ επανάληψη από τους Έλληνες πολίτες Και γνωρίζουν καλά ότι εφαρμόζω μέτρα που ισχύουν σε όλη την Ευρώπη Βουλή ,424,56,1,2,0,1,1,0,0,1,1,1
2021-06-15 11:28:36,Δείτε τι έλεγε ο κ Τσίπρας κατά την επίσκεψη του στον Παπαστράτο το 2017 Δεν γνώριζε ότι η επιχείρηση εφαρμόζει το τρισκατάρατο σύστημα της διευθέτησης του χρόνου εργασίας Όταν τους έλεγε μπράβο δηλαδή εκθείαζε τα απλήρωτα δεκάωρα Βουλή ,261,57,0,1,0,0,0,1,1,0,2,0
2021-06-15 07:22:24,Σε αντίθεση με τα εργατοπατερικά κόμματα της Αριστεράς εμείς πιστεύουμε ότι τα συνδικάτα υπάρχουν για να υπηρετούν τους εργαζόμενους Κι όχι οι εργαζόμενοι τα συνδικάτα Γι αυτό με το νσχ για την Προστασία της Εργασίας μπαίνουν νέοι ευρωπαϊκοί κανόνες για τον συνδικαλισμό ,383,84,1,0,0,0,0,1,0,0,2,0
2021-06-14 11:16:39,Μέχρι τώρα δεν μπορούσε να απολυθεί συνδικαλιστής αν είχε εμπλακεί σε σεξουαλική παρενόχληση ή σε βιαιοπραγία εναντίον συναδέλφου Εμείς αυτό το αλλάζουμε και ο ΣΥΡΙΖΑ έκανε ένσταση αντισυνταγματικότητας Θέλουν συνδικαλιστική ασυλία σε περίπτωση βίας ή σεξουαλικής παρενόχλησης ,744,173,3,1,0,1,0,2,0,1,5,2
2021-06-14 11:13:51,Ο ΣΥΡΙΖΑ λέει ότι νόμος είναι το δίκιο του εργάτη Νόμος όμως είναι και το δίκιο του αρρώστου και του ατόμου με αναπηρία που θέλουν να εξυπηρετηθούν Του φοιτητή που θέλει να δώσει εξετάσεις και να λειτουργεί το μετρό Εκείνοι με τους εργατοπατέρες εμείς με την κοινωνία ,277,47,0,0,0,0,0,2,0,1,1,0
2021-06-11 12:36:24,Ο ΣΥΡΙΖΑ από το κομματικό του πάθος θα καταψηφίσει μια σειρά από ολοφάνερα χρήσιμες για τους εργαζομένους διατάξεις Περισσότερο από ότι για τους εργαζομένους νοιάζονται για έναν εργατοπατερικό συνδικαλισμό Και παράλληλα έχουν βάλει οι ίδιοι ρότα για τον Μεσαίωνα Βουλή ,342,55,1,2,1,0,0,3,1,0,1,0
2021-06-11 12:34:12,Ο ΣΥΡΙΖΑ ενώ δέχεται τις υπερωρίες με ατομική σύμβαση και μάλιστα χωρίς πρωτοβουλία του εργαζομένου έρχεται στη διευθέτηση του χρόνου εργασίας και λέει όχι προς Θεού Είναι συνέπεια αυτό Αδιάβαστη αντιπολίτευση Βουλή ,141,28,3,2,0,2,0,1,0,2,4,2
2021-06-11 10:19:34, Το νέο εργασιακό νομοσχέδιο δίνει δύναμη στον εργαζόμενο Για παράδειγμα ένας εργαζόμενος στις διανομές θα έχει περισ,0,155,1,2,0,1,0,1,0,0,1,1
2021-06-10 16:44:09,Η αντιπολίτευση κάνει το άσπρο μαύρο για εργασιακό Κάνει πως δεν βλέπει τα τόσα θετικά κι έχει κολλήσει στην καραμέλα της διευθέτησης του χρόνου εργασίας όπου εφαρμόζουμε ότι ισχύει στην πλειονότητα των χωρών της ΕΕ Και σε ΙσπανίαΠορτογαλία με Αριστερούς στην κυβέρνηση ,361,66,1,4,3,1,0,4,2,1,4,1
2021-06-09 16:53:06,Ο ΣΥΡΙΖΑ ισχυρίζεται ότι έχει το μονοπώλιο της καρδιάς κ της ευαισθησίας Εγώ εκείνο που βλέπω είναι ότι έχουν το μονοπώλιο στο δογματισμό και τη στασιμότητα Στην υπεράσπιση προνομίων ορισμένων συντεχνιών και συνδικαλιστών Τους αφήνουμε λοιπόν με τα ξεπερασμένα συνθήματά τους ,107,18,1,1,1,1,0,1,1,0,0,1
2021-06-09 16:36:48,Παρουσίασα στη Βουλή στοιχεία που αποδεικνύουν ότι στη πλειονότητα των κρατών της ΕΕ ισχύουν οι ΑΤΟΜΙΚΕΣ συμβάσεις στη διευθέτηση χρόνου εργασίας Μεταξύ των κρατών είναι η Ισπανία με  στην κυβέρνηση σήμερα Κι η Πορτογαλία με την Αριστερά Τι λέει ο ΣΥΡΙΖΑ γι αυτό ,186,38,0,2,1,0,0,2,0,1,3,1
2021-06-09 15:28:34, Διαβάζουμε σε ανακοίνωση του ΔΣ της ΕΣΗΕΑ ότι στο Νομοσχέδιο για την Προστασία της Εργασίας επιβάλλεται μείωση των α,0,60,0,0,0,0,0,0,1,0,2,0
2021-06-09 14:27:35,Δείτε στο βίντεο τα μέτρα του νσχ για την Προστασία της Εργασίας για την ισορροπία επαγγελματικής και οικογενειακής ζωής γονικές άδειες άδειες πατρότητας κτλ που ο ΣΥΡΙΖΑ θα καταψηφίσει με οργή και αγανάκτηση Τι θα πουν στους εργαζομένους τους οποίους δήθεν υποστηρίζουν ,150,41,2,1,0,1,0,0,0,0,3,0
2021-06-09 07:51:48,Προβλέπω ότι ο ΣΥΡΙΖΑ στο τέλος θα φύγει από την ονομαστική ψηφοφορία του εργασιακού Διότι διαφορετικά θα αναγκαστεί να ψηφίσει τα 56 των διατάξεων Και τότε το νομοσχέδιο δεν μπορεί να θεωρείται ολετήρας και οδοστρωτήρας Θα είναι τα πολιτικά τους αποκαλυπτήρια Βουλή ,311,67,2,2,0,1,2,2,2,0,2,0
2021-06-08 15:44:49,Άλλο απεργία και άλλο παρανομία Την αστική ευθύνη των συνδικαλιστών τη θεσπίζουμε για περιπτώσεις όπως αυτή του κ Νταλακογιώργου και της ΠΕΝΕΝ που ενώ είχε κριθεί η απεργία παράνομη έβαλαν μπλόκο στο λιμάνι του Πειραιά Αν ο ΣΥΡΙΖΑ είναι υπέρ της παρανομίας να το πει Βουλή ,289,69,3,0,0,1,0,1,0,1,3,1
2021-06-08 15:04:26,Μόνο τα trolls του ΣΥΡΙΖΑ λένε ότι οι υπερωρίες θα πληρώνονται με ρεπό Η αλήθεια είναι ότι οι εργαζόμενοι όταν δουλεύουν παραπάνω θα παίρνουν επιπλέον χρήματα Κ όταν μπουν σε διευθέτηση χωρίς να αυξάνεται ο συνολικός χρόνος κάθονται κάποια περίοδο και πληρώνονται Τόσο απλό ,260,66,2,3,1,1,1,2,2,1,1,1
2021-06-08 14:23:44,Πόσο φιλεργατικό είναι να στερούμε τη δυνατότητα από τις μητέρες που το θέλουν να δουλεύουν λίγο παραπάνω ΔευτέραΠέμπτη και να κάθονται την Παρασκευή και να πληρώνονται για να βλέπουν τα παιδιά τους Να τον χαίρονται τον φιλεργατισμό τους στον ΣΥΡΙΖΑ Βουλή ,670,149,0,1,0,0,0,0,2,0,0,0
2021-06-08 14:12:46,Παγκόσμιο ρεκόρ υποκρισίας από τον ΣΥΡΙΖΑ στο εργασιακό Η πολιτική τους ζάλη η εμπάθειά τους κι η άρνηση των πάντων τούς έχουν οδηγήσει στο σημείο να λέμε άσπρο και να λένε μαύρο Να λέμε μαύρο και να λένε άσπρο Είναι μια πλήρως αναξιόπιστη αντιπολίτευση Βουλή ,122,27,2,3,2,0,0,4,3,2,5,0
2021-06-07 16:23:56,Η ψηφιακή κάρτα εργασίας είναι μία επανάσταση στην αγορά εργασίας Είναι εγγύηση για την τήρηση του ωραρίου του εργαζομένου Για την τήρηση του 8ώρου Για τις υπερωρίες Για τη διευθέτηση Ένας σύγχρονος ηλεκτρονικός μηχανισμός πρωτοποριακός και για τα ευρωπαϊκά ακόμα δεδομένα ,109,23,1,3,0,1,1,1,1,1,3,1
2021-06-07 13:16:46,Η ψηφιακή κάρτα εργασίας είναι βασικό εργαλείο για την τήρηση του 8ωρου των υπερωριών κ της διευθέτησης του χρόνου Μαζί με τον υπουργό Ψηφιακής Διακυβέρνησης  θα το προχωρήσουμε σε 3 στάδιαΜέσα στο 2022 θα είναι πραγματικότητα Είναι επανάσταση στην αγορά εργασίας ,114,14,1,2,0,1,1,1,1,1,3,1
2021-06-04 11:26:33,Το να παίρνουν τηλέφωνο στον ΕΦΚΑ ασφαλισμένοι και συνταξιούχοι και να μην τους το σηκώνουν είναι απαράδεκτη δεσποτική συμπεριφορά Και δεν μπορεί να γίνει ανεκτό Πρέπει να καταλάβει κάθε υπάλληλος ότι είμαστε υπηρέτες των πολιτών κι όχι εξουσιαστές ,757,113,1,1,0,1,0,0,0,0,2,0
2021-06-04 11:25:04,Η ψηφιακή κάρτα εργασίας αποτελεί ουσιαστική εγγύηση για την τήρηση του 8ωρου και την πληρωμή των υπερωριών Παράλληλα αναβαθμίζουμε την Επιθέωρησης Εργασίας σε Ανεξάρτητη Αρχή Ο ΣΥΡΙΖΑ ας συνεχίσει την κωμικοτραγική αντιπολίτευση με fake news ,54,4,1,2,1,0,0,2,1,0,4,0
2021-06-02 09:09:03, Η απλοποίηση των υπηρεσιών αναβαθμίζει το κράτος Καταργώντας 68 διοικητικές διαδικασίες του eΕΦΚΑ από τα ΚΕΠ διευκολύνου,0,125,0,0,0,0,0,0,0,0,0,0
2021-05-31 17:15:52, Με αφορμή το νομοσχέδιο προστασίας της εργασίας διοργανώσαμε μια συζήτηση με νέους που δραστηριοποιούνται σε διάφορους επαγγελμ,0,32,1,1,0,0,0,0,0,0,1,0
2021-05-21 13:47:25, OECD report on the Env Nexus showsEnv degradation impacts men  women differently Few countries use genderd,0,12,0,0,0,0,0,0,0,0,0,0
2021-05-21 11:02:24,   env sustainability must be at the core of  recovery efforts In  to ensure all benefit e,0,5,0,0,0,0,0,0,0,0,0,0
2021-05-20 13:00:13, Πρόοδος για το ΣΥΡΙΖΑ ήταν η τραγική εικόνα που όλοι θυμόμαστε από τα αεροδρόμια της χώρας Γι αυτό δεν ήθελε τη σύμβασ,0,31,0,1,1,0,0,0,1,0,0,0
2021-05-19 18:01:26,Πρόοδος για το ΣΥΡΙΖΑ ήταν η τραγική εικόνα που όλοι θυμόμαστε από τα αεροδρόμια της χώρας Γι αυτό δεν ήθελε τη σύμβαση παραχώρησης που προωθήσαμε Τώρα που έχουμε 14 ευρωπαϊκά αεροδρόμια και μια νέα εικόνα για τον τουρισμό τι λένε Βλέπουν πάλι νεοφιλελεύθερους οδοστρωτήρες ,224,31,0,2,1,0,0,2,1,0,1,0
2021-05-16 08:30:16,Τι θα κάνει άραγε ο ΣΥΡΙΖΑ που μιλά για οδοστρωτήρες στη Βουλή Θα καταψηφίσει τις γονικές άδειες Τα μέτρα για τη βία και την παρενόχληση στην εργασία Την ενίσχυση της προστασίας των εργαζομένων σε delivery Τα 45 του νσχ είναι τέτοιου είδους μέτρα ,283,51,2,2,1,1,1,2,1,2,2,2
2021-05-16 08:26:35,Κάποιοι είπαν ότι δήθεν εξαιρέσαμε το Δημόσιο από την ψηφιακή κάρτα από φόβο για τις συντεχνίες Το σχέδιο νόμου καλύπτει τους εργαζόμενους στον ιδιωτικό τομέα αλλά και τις ΔΕΚΟΔΕΗ μετρό Κανένας φόβος λοιπόν Στρατός αστυνομία εκπαίδευση κτλ καλύπτονται από άλλο πλαίσιο ,98,22,1,2,0,0,1,1,3,1,2,3
2021-05-15 12:30:35,  Δίνουμε δύναμη στους εργαζόμενους με το νσ για την προστασία της εργασίας http,0,2,1,1,0,0,0,1,0,0,2,1
2021-05-15 12:29:59,Ο ΣΥΡΙΖΑ που μας κουνά το δάκτυλο για τη διευθέτηση του χρόνου εργασίας είχε υπογράψει την Ευρωπαϊκή Οδηγία 20191158 Που προωθεί ευέλικτες μορφές απασχόλησης με ΑΤΟΜΙΚΕΣ συμβάσεις εργασίας Και αυτό θα ισχύσει και στις 27 χώρες της ΕΕ ,311,63,0,1,0,0,0,1,0,0,2,0
2021-05-15 12:27:19,Άλλο επιχειρηματικότητα και άλλο λαμογιά Η λαμογιά με πονηριές ζημιώνει το κράτος τους εργαζόμενους και νοθεύει τον ανταγωνισμό Για αυτό και ενισχύουμε τους ελέγχους με την ψηφιακή κάρτα εργασίας Και με την αναβάθμιση του ΣΕΠΕ σε Ανεξάρτητη Αρχή όπως η ΑΑΔΕ ,293,36,0,0,0,0,0,0,0,0,1,0
2021-05-13 13:36:47,Ορίστε και οι εργασιακές γαλέρες που ενοχλούν τον ΣΥΡΙΖΑ Προστασία του εργαζομένου στην τηλεργασία Προστασία από άκυρες απολύσεις Διαφάνεια στον συνδικαλισμό δυναμη_στον_εργαζομενο ,213,41,0,0,0,0,0,0,0,0,0,0
2021-05-13 13:36:10,Αυτοί είναι οι οδοστρωτήρες του εργασιακού νομοσχεδίου για τους οποίους μιλάει ο κ Τσίπρας Δείτε παρακάτω Γονικές άδειες Ψηφιακή κάρτα εργασίας εγγύηση για το ωράριο του εργαζομένου Νέες ευκαιρίες στον εργαζόμενο δύναμη_στον_εργαζόμενο ,92,20,0,1,0,0,0,1,0,0,1,0
2021-05-12 14:35:46,Νομοσχέδιοτομή για την Προστασία της Εργασίας Δίνουμε δύναμη_στον_εργαζόμενο με συγκεκριμένες νέες ευκαιρίες δυνατότητες κι επιλογές Με προτεραιότητα μια δημιουργική και παραγωγική Ελλάδα Με ανάπτυξη και κοινωνική συνοχή Με πρότυπο τις προηγμένες ευρωπαϊκές χώρες ,184,40,0,2,0,0,0,1,0,0,1,0
2021-05-12 12:04:34, Το νέο εργασιακό νομοσχέδιο προστατεύει τους εργαζόμενους Ενισχύει τα δικαιώματά τους Αναβαθμίζει την Επιθεώρηση Εργ,0,189,0,0,0,0,0,0,0,0,0,0
2021-05-11 15:49:58,ΣΥΡΙΖΑ ή αλλιώς Μυνχάζουεν Κρεσέντο στην υποκρισία Οι ίδιοι υπέγραψαν την Ευρωπαϊκή Οδηγία 20191158 που προωθεί ευέλικτες μορφές απασχόλησης με ΑΤΟΜΙΚΕΣ συμβάσεις εργασίας και κατηγορούν εμάς επειδή εφαρμόζουμε την Οδηγία που εκείνοι υπέγραψαν  ,258,66,0,3,1,0,1,3,1,0,2,0
2021-05-10 17:07:21,Δείτε τον οδοστρωτήρα της κυβέρνησης στα εργασιακά Μια σειρά από μέτρα για τη συμφιλίωση επαγγελματικής και ιδιωτικής ζωής Να δούμε τι θα σχολιάσει για αυτό ο ΣΥΡΙΖΑ ,641,116,1,1,1,0,0,2,1,0,1,0
2021-05-09 09:35:52,ΠροσέξτεΤο νσχ που μεταξύ άλλων θεσπίζει άδεια πατρότητας 14 ημερών μετ αποδοχών κανόνες για  τηλεργασία κ βελτιώνει τις συνθήκες εργασίας εργαζομένων σε deliverycourier θεωρείται από τον ΣΥΡΙΖΑ οδοστρωτήρας για τα εργασιακά δικαιώματα Οι λέξεις έχουν χάσει το νόημα τους ,484,97,0,1,0,0,0,1,0,1,2,0
2021-05-08 09:53:11,Η δήθεν απελευθέρωση των απολύσεων με το εργασιακό νομοσχέδιο είναι ένα ακόμα μεγάλο ψέμα του ΣΥΡΙΖΑ Η αλήθεια είναι ότι στο νσχ μεταξύ άλλων υπάρχει συγκεκριμένος και διευρυμένος κατάλογος με τους λόγους απαγόρευσης μιας απόλυσης Έχουν κάνει το ψέμα δεύτερη φύση τους ,260,44,2,4,2,2,2,1,1,3,3,0
2021-05-07 16:01:13,Ο ΣΥΡΙΖΑ από τη μία μας κατηγορεί ότι με το εργασιακό νομοσχέδιο δήθεν καταργούμε τις υπερωρίες Και από την άλλη ότι τάχα τις αυξάνουμε υπερβολικά Προφανώς και τα δύο δεν γίνεται να ισχύουν ταυτόχρονα Δείτε παρακάτω ποια είναι η αλήθεια ,287,52,0,2,0,0,0,1,0,0,0,0
2021-05-07 09:14:07,H πολιτική υποκρισία του ΣΥΡΙΖΑ δεν έχει όρια Χθες το πρωί διαδήλωσαν γιατί δήθεν καταργούμε το 8ωρο μέσω της διευθέτησης χρόνου εργασίας Κι αμέσως μετά μου ζήτησαν να κηρύξω υποχρεωτική μια κλαδική σύμβαση που περιέχει διευθέτηση εργασίας Αυτό το πράγμα δεν έχει προηγούμενο ,238,46,1,2,0,2,1,2,1,0,4,0
2021-05-06 14:20:34,Ο ΣΥΡΙΖΑ για το εργασιακό νομοσχέδιο κάνει αντιπολίτευση με fake news Έχουν βγάλει τα τσιτάτα από το συρτάρι και μιλούν για ένα νομοσχέδιο που υπάρχει μόνο στη φαντασία τουςΘα ακολουθήσουν αναρτήσεις για όλα τα fake news του ΣΥΡΙΖΑ Τίποτα δεν θα μείνει αναπάντητο ,382,105,1,2,2,0,1,0,1,0,1,0
2021-05-06 12:52:04, Έχουν ειπωθεί αμέτρητα fake news για το εργασιακό ΝΣ ενώ δεν έχει καν μπει σε διαβούλευση άρα δεν το έχει καν δει η α,0,164,0,0,0,2,0,0,0,0,0,0
2021-05-04 11:38:26, Προστατεύουμε την υγεία τους από την πανδημία και στηρίζουμε το εισόδημά τους Και οικοδομούμε μια Ελλάδα με περισσότε,0,66,0,2,2,0,0,1,1,2,2,1
2021-05-04 11:38:18, Και ακόμη Με επιπλέον γονικές άδειες άδεια πατρότητας και προστασία του νέου πατέρα από απόλυση Αλλά και με ένα στι,0,71,1,2,0,1,1,0,0,1,1,1
2021-05-04 11:38:16, Τιμούμε την Εργατική Πρωτομαγιά με πράξεις Με την Ψηφιακή Κάρτα Εργασίας όπου θα καταγράφεται και θα προστατεύεται ο,0,167,0,1,1,0,0,1,1,0,1,0
2021-05-04 09:58:11,Βαθιά θλίψη προκάλεσε σ όσους τον γνωρίζαμε η απώλεια του Δημήτρη Αρχοντάκη δημάρχου Ρεθύμνου επί 27 έτη Με τη δουλειά του αναμόρφωσε το Ρέθυμνο Ειλικρινή συλλυπητήρια στους οικείους του,75,7,1,1,0,0,0,1,0,4,3,2
2021-04-30 10:34:20,Καλή Ανάσταση σε όλες και όλουςΜε μία φωτογραφία που έβγαλα εδώ στη γειτονιά μου ,347,10,0,0,0,0,0,0,1,0,0,0
2021-04-28 13:54:07,Τσίπρας fake news για συντάξεις Νο 3 Παρόλο που οι δικηγόροι και οι λογιστές που θα ασχοληθούν με την έκδοση συντάξεων θα πληρώνονται από τον ΕΦΚΑ ο κ Τσίπρας είπε ότι θα τους πληρώσουν οι συνταξιούχοι Ιδού ο νόμος Τώρα θα μας πουν ότι είναι οφθαλμαπάτη ,210,50,0,0,0,0,0,2,1,0,1,0
2021-04-28 13:53:41,Τσίπρας fake news για συντάξεις Νο 2 Το 2020 οι κύριες συντάξεις που δόθηκαν ήταν 31 περισσότερες σε σχέση με το 2019 Έτσι οι εκκρεμείς συντάξεις σήμερα είναι 139000 Παρόλα αυτά ο κ Τσίπρας μίλησε για 450000 Το ψέμα έγινε δεύτερη φύση στον ΣΥΡΙΖΑ,348,63,1,0,0,1,0,1,0,1,1,0
2021-04-28 13:53:04,Ο κ Τσίπρας σήμερα το τερμάτισε με fake news για τις εκκρεμείς συντάξεις Μας παρέδωσε 1059000 εκκρεμείς ασφαλιστικές υποθέσεις εκ των οποίων 189851 εκκρεμείς κύριες συντάξεις Και είχε το θράσος να πει ότι δήθεν μας παρέδωσε μόνο 107000 Βιομηχανία ψεμάτων,621,123,0,0,0,0,0,0,0,0,1,0
2021-04-25 07:58:08,Είμαστε αποφασισμένοι να σπάσουμε αυγά για τις εκκρεμείς συντάξεις Γι αυτό προβλέπουμε ότι αν οι υπηρεσίες του ΕΦΚΑ δεν έχουν επικυρώσει εντός 30 ημερών το σχέδιο των πιστοποιημένων δικηγόρωνλογιστών η σύνταξη απονέμεται αυτόματα Πρόκειται για μια μικρή επανάσταση ,157,17,1,1,0,1,1,0,2,1,2,1
2021-04-25 07:57:47,Είναι ανόητη η συζήτηση που έχει ανοίξει ο ΣΥΡΙΖΑ για κατάργηση 8ώρου Το οκτάωρο το πενθήμερο οι 40 ώρες εργασίαςεβδομάδα είναι ήδη κατοχυρωμένες Και θα είναι κατοχυρωμένες και στο νσχ για την προστασία της εργασίας Ενώ υπάρχουν και σχετικές ευρωπαϊκές ρυθμίσεις ,91,12,1,1,0,1,0,0,0,0,2,0
2021-04-22 14:44:42,Ο φιλολαϊκός ΣΥΡΙΖΑ απέναντι στην πρωτοβουλία μας για την επιτάχυνση απονομής των συντάξεων επέλεξε την καταστροφολογία κ την υπεράσπιση της γραφειοκρατίας Εμείς θα προχωρήσουμε τολμηρά κ θα δώσουμε λύση στο πρόβλημα Εκείνοι με τη γραφειοκρατία εμείς με τους ασφαλισμένους ,127,23,1,2,1,0,0,2,1,1,2,2
2021-04-22 14:04:48,Ο ΣΥΡΙΖΑ εν ονόματι του ότι θα κοστίσει κάτι στο Δημόσιο το μέτρο των πιστοποιημένων δικηγόρωνλογιστών προτιμά να μην δώσουμε συντάξεις και να αφήσουμε τους ανθρώπους άφραγκους Αυτή είναι η κοινωνική ευαισθησία τους Αυτή είναι η προοδευτική αντιπολίτευση της Ελλάδας Βουλή ,227,32,1,2,0,0,0,0,1,0,1,0
2021-04-20 08:15:51,H συμμετοχή των πιστοποιημένων δικηγόρωνλογιστών στην έκδοση των συντάξεων είναι μια μικρή επανάσταση Με τροπολογία που καταθέτουμε στη Βουλή θα μπορούν μεταξύ άλλων να εκδίδουν σχέδιο απόφασης προσωρινής οριστικής και επικουρικής σύνταξης Ρίχνουμε όλα τα όπλα στη μάχη,360,54,2,2,0,1,1,0,3,2,4,2
2021-04-18 08:54:44,Το εργασιακό νσχ ρυθμίζει την ψηφιακή κάρτα εργασίας την τηλεργασία τις γονικές άδειες βάζει τάξη για deliverycouriers φέρνει ρυθμίσεις για σεξουαλική παρενόχληση στην εργασία Η κριτική του ΣΥΡΙΖΑ ότι δήθεν δεν νοιαζόμαστε για τους εργαζόμενους θα αποδειχθεί αστεία ,67,7,2,1,1,1,1,1,1,2,3,1
2021-04-18 08:53:05,Με τη θέσπιση της ψηφιακής κάρτας εργασίας χτυπάμε τη μαύρη εργασία Θα καταγράφεται πλέον όλη η παρουσία του εργαζόμενου στην επιχείρηση και δεν θα μπορεί να τον κλέβει ο κάθε πονηρούλης Ο ΣΥΡΙΖΑ που μας κουνά το δάχτυλο αυτό δεν το έκανε ,135,17,1,2,1,1,1,1,3,0,2,0
2021-04-18 08:52:07,Εάν ένας εργαζόμενος προτιμά να δουλεύει 4 ημέρες την εβδομάδα και να έχει τριήμερη αργία επειδή θέλει να βλέπει παραπάνω την οικογένειά του ποιοι είμαστε εμείς που θα του το απαγορεύσουμε Είναι προοδευτικό να εργάζεται ακατέβατα 5 ημέρες την εβδομάδα ,314,43,0,2,1,1,0,0,1,0,0,0
2021-04-16 16:51:07, Ο  ενεργοποίησε σήμερα την ανανεωμένη ιστοσελίδα του Ο επανασχεδιασμός εντάσσεται στην ευ,0,4,0,0,0,0,0,0,0,0,0,0
2021-04-16 12:26:27,Όταν θα πάμε στη Βουλή με το νσχ για την προστασία της εργασίας θα λέμε σε πόσες χώρες της ΕΕ εφαρμόζεται κάθε ρύθμισή μας Και θα καλούμε τον ΣΥΡΙΖΑ να μας πει πού εφαρμόζονται αυτά που λένε εκείνοι Με αραχνιασμένες απόψεις κάνουν μια κωμικοτραγική αντιπολίτευση ,361,57,1,0,0,0,0,0,0,0,2,0
2021-04-16 12:09:30,Η κριτική του ΣΥΡΙΖΑ για το εργασιακό νομοσχέδιο είναι εκτός τόπου και χρόνου Λέγονται τερατώδη ψέματα κ fake news Πρώτα κάνουν κριτική κ μετά θα δουν το νσχ και θα εκτεθούν Όπως λέμε στο ποδόσφαιρο τεχνητό offside έτσι θα την πατήσουν σε αυτό το νομοσχέδιο ,189,18,2,2,1,0,0,1,1,2,2,0
2021-04-15 17:46:52,Είναι προοδευτικό και σύγχρονο οι εργαζόμενοι να δουλεύουν ακατέβατα 5 ημέρες Ή μήπως αν το θέλουν να δουλεύουν 4 ημέρες όπως προτείνουμε εμείς O ΣΥΡΙΖΑ που μας κουνά το δάχτυλο ας δει πρώτα τις συμφωνίες για διευθέτηση χρόνου εργασίας που υπεγράφησαν επί των ημερών του ,211,21,0,1,0,0,0,1,0,0,1,0
2021-04-14 16:59:03,Συμβάλλουμε από την πλευρά του Υπ Εργασίας στην καταπολέμηση του κορωνοϊού και την ομαλοποίηση της ζωής μας Επεκτείνουμε τα self tests σε σειρά δραστηριοτήτων ιδιωτ τομέα από Δευτέρα 194 Υποχρεωτικά για την προσέλευση εργαζομένων στους χώρους εργασίας  ,89,12,1,0,0,0,0,1,0,0,3,0
2021-04-13 14:23:35,Ο ΣΥΡΙΖΑ αποφάσισε να μας κηρύξει πόλεμο για ρύθμιση που ο ίδιος είχε διατηρήσει σε ισχύ όσο ήταν κυβέρνηση Είναι η διάταξη για τη διευθέτηση του χρόνου εργασίας Και προφανώς όλα αυτά τα χρόνια δεν καταργήθηκε το 8ωρο εκτός αν το κατήργησε κ δεν το αντιλήφθηκε ούτε ο ίδιος,536,94,0,1,0,0,0,2,0,0,2,1
2021-04-13 14:23:10,Εμείς προστατεύουμε την εργαζόμενο και την εργασία ο ΣΥΡΙΖΑ τα fake news Όσα λένε για Μεσαίωνα υπενθυμίζουν απλώς ότι οι ίδιοι κατευθύνονται με την όπισθεν σε αυτήν την περίοδο ,76,7,0,1,1,0,1,1,1,0,1,0
2021-04-10 18:09:53,Λίγοι έκαναν για την Ελλάδα όσο ο Ιάκωβος Τσούνης Ανάμεσα στη σημαντική προσφορά του είναι και η πρόσφατη απόφασή του να διαθέσει το σύνολο της περιουσίας του για την άμυνα της χώρας Ελπίζουμε ότι θα βρεθούν κι άλλοι που θα τον μιμηθούν Θερμά συλλυπητήρια στους οικείους του ,373,19,1,3,1,0,0,1,1,1,0,1
2021-03-31 08:50:27,Όλοι αυτοί από τον ΣΥΡΙΖΑ που μου κουνούν το δάκτυλο λέγοντας Ο Χατζηδάκης ο νεοφιλελεύθερος κτλ πού ήταν τόσο καιρό Που αφήσαν τον ΕΦΚΑ να είναι χειρότερα και από τον ΟΣΕ όταν ήμουν στο Υπουργείο Μεταφορών Με αποτέλεσμα να έχω μπροστά μου τώρα την Κόπρο του Αυγείου ,208,16,0,1,1,0,0,2,1,0,1,0
2021-03-30 08:44:04,Σε όλη την Ευρώπη δεν υπάρχει κόμμα αξιωματικής αντιπολίτευσης σαν τον ΣΥΡΙΖΑ Πριν από ένα μήνα κ σε μία εβδομάδα κατόρθωσαν να είναι υπέρ των μπαχαλάκηδων υπέρ των καταληψιών στο ΑΠΘ κι υπέρ του Κουφοντίνα Κακιασμένη αντιπολίτευση και κάθε μέρα κ μια καινούρια γκάφα ,688,79,1,1,1,1,1,0,0,1,2,0
2021-03-30 07:36:59,Ο ΣΥΡΙΖΑ στα θέματα κορωνοϊού στο κοφίνι δε χωρεί και στο καλάθι περισσεύει Όποτε πάμε να χαλαρώσουμε τα μέτρα λένε ότι θα είναι καταστροφή για τη δημόσια υγεία Όταν πάμε να γίνουμε πιο αυστηροί κάνουν κριτική από την αντίθετη πλευρά Και λίγο κράτει δεν βλάπτει ,173,13,2,1,1,1,1,0,0,2,2,1
2021-03-29 18:57:38, Το Υπουργείο Εργασίας θα διαθέσει 695 εκ ευρώ τον Απρίλιο για την προστασία εργαζομένων και ανέργων αναστολές ΣΥΝΕΡΓΑ,0,23,0,1,1,0,0,1,0,0,1,0
2021-03-29 18:57:36, Βασικός στόχος μου στο Υπ Εργασίας η αναβάθμιση της εξυπηρέτησης των πολιτών Φέρνουμε 21 ηλεκτρονικές υπηρεσίες των eΕ,0,20,0,0,0,0,0,0,0,0,1,0
2021-03-29 16:52:48,Το Υπουργείο Εργασίας θα διαθέσει 695 εκ ευρώ τον Απρίλιο για την προστασία εργαζομένων και ανέργων αναστολές ΣΥΝΕΡΓΑΣΙΑ δώρο Πάσχα κτλ Έτσι τα συνολικά μέτρα στήριξης μόνο από το υπουργείο μας την περίοδο της πανδημίας υπερβαίνουν τα 71 δις ευρώ και 3 εκ ωφελούμενους ,110,23,0,4,3,0,1,3,1,0,1,0
2021-03-29 13:38:45,Βασικός στόχος μου στο Υπ Εργασίας η αναβάθμιση της εξυπηρέτησης των πολιτών Φέρνουμε 21 ηλεκτρονικές υπηρεσίες των eΕΦΚΑ και ΟΑΕΔ και στα ΚΕΠ Συνεχίζουμε με ενιαίο call center για δωρεάν εξυπηρέτηση του κοινού Εργαζόμαστε για μια Δημόσια Διοίκηση φιλική προς τους πολίτες ,152,20,0,0,0,0,0,0,0,0,1,0
2021-03-25 06:42:00,Περήφανοι για τους προγόνους μας Ακόμα όμως πιο περήφανοι θα νιώσουμε όταν αντιληφθούμε ότι είμαστε ήδη ή μπορούμε να γίνουμε μέτοχοι στην προσπάθεια για μια νέα ελληνική άνοιξη Αξίζει και σε εμάς και στην ιστορία μας Ζήτω η Ελλάδα ελλας2021 ,299,12,0,2,1,0,0,0,0,0,0,0
2021-03-23 20:22:58, Στο Περιφερειακό Υποκατάστημα Μισθωτών Αττικής του ΕΦΚΑ Το πρόβλημα που κληρονομήθηκε από το παρελθόν είναι η Kόπρος τ,0,42,0,0,0,0,0,0,0,1,1,1
2021-03-23 16:11:09,Στο Περιφερειακό Υποκατάστημα Μισθωτών Αττικής του ΕΦΚΑ Το πρόβλημα που κληρονομήθηκε από το παρελθόν είναι η Kόπρος του Αυγείου Είμαστε αποφασισμένοι όμως να το λύσουμε Και σε συνεργασία με τη διοίκηση και τους εργαζόμενους του ΕΦΚΑ και τον ιδιωτικό τομέα θα το λύσουμε ,265,42,0,1,0,0,0,1,0,1,1,1
2021-03-22 15:56:13,O ΣΥΡΙΖΑ ενδιαφέρεται πιο πολύ για τις ιδεοληψίες του με τον δημόσιο τομέα παρά για τους συνταξιούχους Εμείς θα ρίξουμε στη μάχη όλα τα όπλα που διαθέτουμε χρησιμοποιώντας κ τις υπηρεσίες πιστοποιημένων δικηγορών κ λογιστών για να είμαστε εντάξει με τους συνταξιούχους Βουλή ,213,24,1,1,0,0,0,0,1,0,1,1
2021-03-21 15:33:54,Πιστοποιημένοι δικηγόροι κ λογιστές θα κληθούν να συμβάλουν στη μάχη για την απονομή των εκκρεμών συντάξεων Οι συνταξιούχοι δεν νοιάζονται καθόλου εάν η σύνταξή τους θα βγει μετά από συνδρομή του ιδιωτικού τομέα ή όχι Τους ενδιαφέρει απλώς να την πάρουν  ,466,63,1,0,0,0,0,0,0,0,1,1
2021-03-19 10:11:34,Στην κατάρτιση η κατάσταση δεν πάει άλλοΕίμαστε αποφασισμένοι να περάσουμε από τα γκρίζα προγράμματα στη σύγχρονη κατάρτιση όπως αυτή που προχωρούμε με τη GoogleΠου θα βοηθά εργαζόμενους κ ανέργους Εκεί φαίνεται η κοινωνική ευαισθησία των κυβερνήσεων κ όχι στα μεγάλα λόγια ,84,10,2,1,0,0,0,0,2,1,2,1
2021-03-15 09:47:27, Χρόνια πολλά Καλή Σαρακοστή Με ένα πίνακα του Σπύρου Βασιλείου Καθαρα_Δευτερα ,0,16,0,0,0,1,0,0,0,0,1,1
2021-03-15 07:02:20,Χρόνια πολλά Καλή Σαρακοστή Με ένα πίνακα του Σπύρου Βασιλείου Καθαρα_Δευτερα ,377,16,0,0,0,1,0,0,0,0,1,1
2021-03-11 20:01:48, Κανένας από την ιεραρχία του Υπουργείου δεν υπέγραψε την απόφαση για την προκαταβολή_σύνταξης στους συνταξιούχους μήπως,0,65,0,0,0,0,0,0,0,0,0,0
2021-03-11 17:58:33, Τα ψηφιακά ραντεβού επεκτείνονται και σε άλλες υπηρεσίες του  Με 100 πληρότητα τον Μάρτιο το ,0,55,0,1,0,0,0,0,0,0,0,0
2021-03-11 17:52:09,Κανένας από την ιεραρχία του Υπουργείου δεν υπέγραψε την απόφαση για την προκαταβολή_σύνταξης στους συνταξιούχους μήπως και φύγουμε από τις αρχές του ασφαλιστικού συστήματος και μας ξεφύγει κανένας πόντος Τελικά την απόφαση την υπέγραψα μόνο εγώ και η ΓΓ του Υπουργείου ,369,65,0,1,1,1,1,1,1,0,0,0
2021-03-10 18:59:29, Με την ενεργοποίηση της πλατφόρμας για την προκαταβολή_σύνταξης υλοποιούμε μια βασική μας δέσμευση έναντι των συνταξιούχ,0,21,0,1,0,0,0,1,0,0,0,0
2021-03-10 15:29:44,Με την ενεργοποίηση της πλατφόρμας για την προκαταβολή_σύνταξης υλοποιούμε μια βασική μας δέσμευση έναντι των συνταξιούχων Mια σημαντική δράση ανακούφισης όσων περιμένουν για πολύ καιρό κι υπό αντίξοες συνθήκες τη συνταξιοδότησή τους Μια πράξη σεβασμού για την υπομονή τους ,130,21,0,4,1,0,0,4,2,1,1,1
2021-03-08 19:45:15, Παρουσιάσαμε με αφορμή την  μεταξύ άλλων 6 συγκεκριμένες δράσεις για την ενίσχυση της θέσης της Γυ,0,9,0,1,0,0,0,1,0,1,1,0
2021-03-08 13:00:16,Παρουσιάσαμε με αφορμή την  μεταξύ άλλων 6 συγκεκριμένες δράσεις για την ενίσχυση της θέσης της Γυναίκας και την προώθηση της Ισότητας των Φύλων Χωρίς πολλά λόγια αλλά με πράξεις θελουμε στο Υπουργείο Εργασίας να γίνουμε το Υπουργείο της Ισότητας ,91,9,2,3,2,2,0,3,1,2,5,2
2021-03-04 08:37:18,Ο ΣΥΡΙΖΑ ότι και να κάνουμε για τη διαχείριση του κορωνοϊού είναι απέναντι Αυστηροποιούμε τα μέτρα λένε ότι θα θιγεί η οικονομία Χαλαρώνουμε σε κάποιες στιγμές τα μέτρα διαμαρτύρονται ότι θα υπάρχει πρόβλημα με τη δημόσια υγεία Δεν τους πιάνεις πουθενά ,136,11,0,3,2,0,1,2,0,1,1,1
2021-03-03 10:24:15,Όπως φαίνεται στο  ή στην υπόθεση Κουφοντίνα ο ΣΥΡΙΖΑ ακολουθεί γραμμή φανατισμού κ ακροτήτων Κάνει κακιασμένη αντιπολίτευση χωρίς όρια Κι αυτό τον αποκόπτει από τον μέσο άνθρωπο τον μέσο κεντρώο ή κεντροαριστερό ψηφοφόρο στον οποίο θεωρητικά απευθύνεται ,97,13,3,0,0,1,1,0,2,3,4,3
2021-03-02 19:01:57, Άλλοι μιλούν με μεγάλα λόγια η κυβέρνηση μιλάει με έργα για την εργασία και την κοινωνική προστασία Το Υπουργείο Εργασί,0,23,1,3,2,0,1,3,2,0,2,1
2021-03-02 16:35:50,Άλλοι μιλούν με μεγάλα λόγια η κυβέρνηση μιλάει με έργα για την εργασία και την κοινωνική προστασία Το Υπουργείο Εργασίας κατά τη διάρκεια της πανδημίας υλοποιεί το μαζικότερο πρόγραμμα στήριξης εργαζομένων και ανέργων 64 δισ  3 εκατ ωφελούμενοι ,94,23,1,3,2,0,1,3,2,0,3,1
2021-03-01 10:03:59,Αντί κάποιοι να πιέζουν την κυβέρνηση να κάνει εξαίρεση  για Κουφοντίνα να τον πείσουν να σταματήσει την απεργία πείνας να χρησιμοποιήσει τα μέσα που έχει κ να μην εκβιάζει την κυβέρνηση Είναι ζήτημα νομιμότητας κ όχι δεξιάςαριστεράς  λιγότερης ή περισσότερης ευαισθησίας,265,43,1,2,0,1,0,2,0,0,3,2
2021-03-01 09:58:27,Αυτοί που σήμερα διαμαρτύρονται για τον Κουφοντίνα  εάν αύριο μεθαύριο για τον οποιοδήποτε λόγο κάνουν μια απεργία πείνας ο Ρουπακιάς και ο Μιχαλολιάκος θα προτείνουν στην κυβέρνηση να υποχωρήσει και να παραβιάσει τη νομιμότητα Ειλικρινά με ενδιαφέρει η απάντησή τους,1208,154,1,1,0,0,0,2,1,0,2,1
2021-02-26 06:53:46, Έμπρακτη απάντηση της κυβέρνησης σε όσους δίνουν μαθήματα κοινωνικής ευαισθησίας Πρόσβαση πλέον για ΟΛΟΥΣ τους ασφαλισμέ,0,18,0,0,0,0,0,1,2,0,1,0
2021-02-25 16:19:31,Έμπρακτη απάντηση της κυβέρνησης σε όσους δίνουν μαθήματα κοινωνικής ευαισθησίας Πρόσβαση πλέον για ΟΛΟΥΣ τους ασφαλισμένους του ΕΦΚΑ για ένα χρόνο σε ιατροφαρμακευτική περίθαλψη Ακόμα και με ελάχιστα ή καθόλου ημερομίσθια Αντίδραση στην πανδημία με ανθρωπιά και ευαισθησία ,194,18,0,2,1,0,0,2,2,1,2,1
2021-02-25 12:15:34, Επεκτείνεται σε όλα τα σχολεία από τον Σεπτέμβριο το πρόγραμμα σεξουαλικής διαπαιδαγώγησης που εφαρμόστηκε για πρώτη φ,0,193,0,0,0,0,0,0,0,0,0,0
2021-02-25 12:15:30, Παίρνουμε συγκεκριμένες πρωτοβουλίες για να αποτραπούν τα μελλοντικά εγκλήματα δημιουργώντας ένα πλαίσιο ασφάλειας κα,0,105,0,0,0,0,0,0,0,0,0,0
2021-02-25 12:15:26, Ενισχύουμε το νομικό οπλοστάσιο για τη δίκαιη τιμωρία των ενόχων Βουλή ,0,103,1,0,0,1,0,1,0,1,1,1
2021-02-25 12:15:19, Μαζί σπάμε την σιωπή Δεν είσαι μόνη Δεν είσαι μόνος    ,0,397,0,2,0,0,0,1,0,0,0,0
2021-02-18 16:46:02,Το ΟΑΕΔapp για κινητά και tablets εντάσσεται στη στρατηγική μας για την αναβάθμιση της εξυπηρέτησης των πολιτών από το Υπουργείο Εργασίας και τους φορείς του Ο πολίτης θα πρέπει να νιώθει ότι σεβόμαστε τις ανάγκες του τον χρόνο του και τις δυσκολίες που αντιμετωπίζει ,150,38,0,3,1,0,0,1,0,1,3,0
2021-02-17 18:59:24,Τι άραγε θέλουν αυτοί που διαμαρτύρονται για την προκαταβολή εθνικής σύνταξης με αυτόματες διαδικασίες Για να μη χάσουμε έναν πόντο να μην κάνουν οι άνθρωποι Πάσχα Αυτή θα ήταν μια συμπεριφορά που δεν αντέχω συνειδησιακά Βουλή ,119,18,0,3,1,0,1,0,2,0,0,2
2021-02-12 19:17:07, Ξεκαθαρίζω για να ακούν και οι όποιοι γραφειοκράτες Κράτος που αργεί να δώσει συντάξεις για 14 χρόνια δεν δικαιούται να,0,73,0,0,0,0,0,0,0,0,0,0
2021-02-12 15:07:58,Ξεκαθαρίζω για να ακούν και οι όποιοι γραφειοκράτες Κράτος που αργεί να δώσει συντάξεις για 14 χρόνια δεν δικαιούται να βγάζει γλώσσα στους ασφαλισμένους Και να τους περνά από 40 κόσκινα για να τους δώσει έστω προσωρινή ενίσχυση Με εμένα υπουργό αποκλείεται να γίνει Βουλή ,532,73,0,1,0,0,0,1,0,0,0,0
2021-02-12 09:56:33,Ο κομματικός φανατισμός του ΣΥΡΙΖΑ δεν έχει όρια Έφτασαν στο σημείο να αμφισβητήσουν ακόμα και την ευαισθησία μας για τα άτομα με αναπηρία Ούτε αυτό δεν είναι σε θέση να αναγνωρίσουν σε ένα πολιτικό τους αντίπαλο Βουλή ,186,20,0,1,0,1,0,0,1,1,1,1
2021-02-12 09:51:16,Είναι στον κόσμο του ΣΥΡΙΖΑ Ενώ εγώ αναγνωρίζω τα προβλήματα του ΕΦΚΑ και προσπαθώ να τα αντιμετωπίσω ο ΣΥΡΙΖΑ βρίσκεται στο ροζ συννεφάκι του Και προσπαθεί να μας πείσει ότι επί των ημερών του δεν υπήρχε κανένα πρόβλημα Βουλή ,72,9,0,1,0,0,0,0,1,1,1,1
2021-02-11 19:54:01, Αν είχαν επικρατήσει οι ιδεοληψίες του κ Τσίπρα κ του ΣΥΡΙΖΑ θα είχαμε μείνει με τα χάλια των παλαιών αεροδρομίων κ τα,0,32,1,0,0,0,0,0,0,0,1,0
2021-02-11 15:52:40,Αν είχαν επικρατήσει οι ιδεοληψίες του κ Τσίπρα κ του ΣΥΡΙΖΑ θα είχαμε μείνει με τα χάλια των παλαιών αεροδρομίων κ τα 14 νέα περιφερειακά αεροδρόμια θα ήταν άπιαστο όνειρο Νιώθω υπερήφανος που και το 2008 κ το 2013 ως υπουργός βοήθησα στην υλοποίηση αυτού του μεγάλου έργου ,342,32,1,1,1,0,0,1,1,0,1,0
2021-02-05 08:00:03,Δεν μπορεί ο ΣΥΡΙΖΑ να περηφανεύεται για το μπάχαλο που μας έδωσε στις συντάξεις Ούτε κανένας άλλος Για τον ΕΦΚΑ το ΙΚΑ το ΤΕΒΕ και όλη αυτή την κατάσταση που υπάρχει εδώ και δεκαετίες Αυτό το πρόβλημα προσπαθώ να αντιμετωπίσω Με σύστημα αποφασιστικότητα και ταχύτητα ,239,27,1,3,1,1,2,1,1,1,2,1
2021-02-04 12:15:03,Τα Ελληνόπουλα πρώτα σε όλο τον κόσμο Βραβεύσαμε χθες τη μαθητική ομάδα Plaisiobots Κατέκτησε τη πρώτη θέση στη Διεθνή Ολυμπιάδα Ρομποτικής Σχεδιάζοντας ένα έξυπνο μπαστούνι για τους συνανθρώπους μας με προβλήματα όρασης Ένα μεγάλο μπράβο στα παιδιά και στο Πλαίσιο ,201,24,0,1,0,0,0,2,0,0,1,0
2021-01-31 10:33:03,Τα  μέτρα που θα εφαρμόσουμε για να επιταχύνουμε την καταβολή των συντάξεων παρουσίασα σήμερα στην εκπομπή Καλημέρα του ΣΚΑΪ με τον Γ Αυτιά Οι εκκρεμείς συντάξεις αποτελούν τη Νο1 προτεραιότητά μας στο Υπουργείο Εργασίας  ,53,11,0,1,1,0,0,1,0,0,1,0
2021-01-22 16:10:48, Αποτελεί κεντρική δέσμευση να λυθεί το ζήτημα των εκκρεμών συντάξεων και θα φέρουμε εις πέρας αυτό το έργο παρά τις με,0,87,0,1,0,0,0,0,0,0,0,0
2021-01-22 16:10:45, Το Υπ Εργασίας απέκτησε για πρώτη φορά Υφυπουργό με ευθύνη τη δημογραφική πολιτική και την οικογένεια Δίνουμε έμφαση,0,86,1,0,0,0,0,1,0,0,1,0
2021-01-22 16:10:42, To Υπουργείο Εργασίας βρίσκεται στην πρώτη γραμμή της θωράκισης του εισοδήματος και της απασχόλησης από την πανδημία,0,97,0,1,1,0,0,1,0,1,2,1
2021-01-22 14:03:16,Για μένα το θέμα των εκκρεμών συντάξεων είναι ίσως η νέα ΔΕΗ στο υπουργείο Εργασίας Τις αμέσως επόμενες μέρες θα τοποθετηθεί πρότζεκτ μάνατζερ που θα ασχοληθεί σε συνεργασία με τη Διοίκηση του ΕΦΚΑ αποκλειστικά με αυτό το θέμα ,235,30,0,3,1,0,1,2,1,0,2,0
2021-01-21 18:52:05,Σχεδιάζουμε μαζί με το ΥΠΟΙΚ την καταβολή έκτακτου επιδόματος 400 ευρώ σε αυτοαπασχολούμενους επιστήμονες Θέλουμε να στηρίξουμε όσους έχουν πραγματικά ανάγκη Στόχος μας είναι να τρέξουν γρήγορα οι διαδικασίες για να ανοίξει πολύ σύντομα η πλατφόρμα για την υποβολή των αιτήσεων ,161,33,0,2,1,0,1,1,0,1,0,0
2021-01-19 18:13:01,Δεν υπάρχουν εργαζόμενοι χωρίς επιχειρήσεις Δεν υπάρχουν όμως και επιχειρήσεις με τους εργαζομένους στα κεραμίδια Αυτό είπα στην πρώτη μου συνάντηση με τη ΓΣΕΕ ξεκινώντας ένα κύκλο επαφών με τους κοινωνικούς εταίρους ,90,15,1,0,0,1,0,0,0,1,2,1
2021-01-05 18:28:17,Το Υπουργείο Εργασίας αποτελεί για μένα μεγάλη πολιτική πρόκληση Καλούμαι να επιταχύνω μια προσπάθεια η οποία θα αναδείξει το κοινωνικό πρόσωπο της Κυβέρνησης Και θα καταλήξει σε ορατά αποτελέσματα για τον άνθρωπο ,386,23,2,2,1,0,0,2,1,0,2,1
2021-01-05 07:16:13,Στο Υπουργείο Περιβάλλοντος και Ενέργειας τους 18 αυτούς μήνες μπήκαν γερά θεμέλια για να γίνει η ενέργεια ισχυρός βραχίονας στην ανάπτυξη Για να αποκτήσει η κυβερνητική πολιτική έντονα πράσινο χρώμα Για να μπουν ισχυρές βάσεις για την πράσινη ανάπτυξη  ,181,10,2,4,2,1,0,3,2,0,0,1
